<?xml version="1.0" encoding="UTF-8" standalone="no"?>
<paises>
  <pais>
    <id>1</id>
    <nombre>Chile</nombre>
    <indiceDesarrollo>0.855</indiceDesarrollo>
  </pais>
  <pais>
    <id>2</id>
    <nombre>Qatar</nombre>
    <indiceDesarrollo>0.875</indiceDesarrollo>
  </pais>
  <pais>
    <id>3</id>
    <nombre>Japan</nombre>
    <indiceDesarrollo>0.925</indiceDesarrollo>
  </pais>
  <pais>
    <id>4</id>
    <nombre>Spain</nombre>
    <indiceDesarrollo>0.905</indiceDesarrollo>
  </pais>
  <pais>
    <id>5</id>
    <nombre>Malta</nombre>
    <indiceDesarrollo>0.895</indiceDesarrollo>
  </pais>
  <pais>
    <id>6</id>
    <nombre>Yemen</nombre>
    <indiceDesarrollo>0.48</indiceDesarrollo>
  </pais>
  <pais>
    <id>7</id>
    <nombre>Ghana</nombre>
    <indiceDesarrollo>0.63</indiceDesarrollo>
  </pais>
  <pais>
    <id>8</id>
    <nombre>Kenya</nombre>
    <indiceDesarrollo>0.59</indiceDesarrollo>
  </pais>
  <pais>
    <id>9</id>
    <nombre>Italy</nombre>
    <indiceDesarrollo>0.91</indiceDesarrollo>
  </pais>
  <pais>
    <id>10</id>
    <nombre>Niger</nombre>
    <indiceDesarrollo>0.45</indiceDesarrollo>
  </pais>
</paises>
